Артикул,Наименование ,Бренд,ЧЗ,НДС,Цена с 01.01.2026,Цена с 01.02.2026,Цена с 01.03.2026,Цена с 01.04.2026,Цена с 01.05.2026,Цена с 01.06.2026,Цена с 01.07.2026,Цена с 01.08.2026,
GLV-NIT-MTX-BLU-50-XL,Голубые XL, Matrix,ЧЗ,10%,"180,0","180,0","180,0","224,0","248,0","248,0","240,0","240,0",
GLV-NIT-MTX-BLU-50-L,Голубые L, Matrix,ЧЗ,10%,"180,0","180,0","180,0","224,0","248,0","248,0","240,0","240,0",
GLV-NIT-MTX-BLU-50-M,Голубые M, Matrix,ЧЗ,10%,"180,0","180,0","180,0","224,0","248,0","248,0","240,0","240,0",
GLV-NIT-MTX-BLU-50-S,Голубые S, Matrix,ЧЗ,10%,"180,0","180,0","180,0","224,0","248,0","248,0","240,0","240,0",
GLV-NIT-MTX-BLU-50-XS,Голубые XS, Matrix,ЧЗ,10%,"180,0","180,0","180,0","224,0","248,0","248,0","240,0","240,0",
GLV-NIT-MTX-PUR-50-XL,Фиолетовые XL, Matrix,ЧЗ,10%,"195,0","195,0","195,0","234,0","258,0","258,0","250,0","250,0",
GLV-NIT-MTX-PUR-50-L,Фиолетовые L, Matrix,ЧЗ,10%,"195,0","195,0","195,0","234,0","258,0","258,0","250,0","250,0",
GLV-NIT-MTX-PUR-50-M,Фиолетовые M, Matrix,ЧЗ,10%,"195,0","195,0","195,0","234,0","258,0","258,0","250,0","250,0",
GLV-NIT-MTX-PUR-50-S,Фиолетовые S, Matrix,ЧЗ,10%,"195,0","195,0","195,0","234,0","258,0","258,0","250,0","250,0",
GLV-NIT-MTX-PUR-50-XS,Фиолетовые XS, Matrix,ЧЗ,10%,"195,0","195,0","195,0","234,0","258,0","258,0","250,0","250,0",
GLV-VIN-MTX-CLR-50-XL,Виниловые XL, Matrix,ЧЗ,10%,"110,0","110,0","110,0","133,0","155,0","155,0","150,0","150,0",
GLV-VIN-MTX-CLR-50-L,Виниловые L, Matrix,ЧЗ,10%,"110,0","110,0","110,0","133,0","155,0","155,0","150,0","150,0",
GLV-VIN-MTX-CLR-50-M,Виниловые M, Matrix,ЧЗ,10%,"110,0","110,0","110,0","133,0","155,0","155,0","150,0","150,0",
GLV-VIN-MTX-CLR-50-S,Виниловые S, Matrix,ЧЗ,10%,"110,0","110,0","110,0","133,0","155,0","155,0","150,0","150,0",
GLV-NIT-PRM-BLU-50-XL,Голубые XL,Primo,ЧЗ,10%,"180,0","180,0","180,0","224,0","248,0","248,0","240,0","240,0",
GLV-NIT-PRM-BLU-50-L,Голубые L,Primo,ЧЗ,10%,"180,0","180,0","180,0","224,0","248,0","248,0","240,0","240,0",
GLV-NIT-PRM-BLU-50-M,Голубые M,Primo,ЧЗ,10%,"180,0","180,0","180,0","224,0","248,0","248,0","240,0","240,0",
GLV-NIT-PRM-BLU-50-S,Голубые S,Primo,ЧЗ,10%,"180,0","180,0","180,0","224,0","248,0","248,0","240,0","240,0",
GLV-NIT-PRM-BLU-50-XS,Голубые XS,Primo,ЧЗ,10%,"180,0","180,0","180,0","224,0","248,0","248,0","240,0","240,0",
GLV-NIT-PRM-PUR-50-XL,Фиолетовые XL,Primo,ЧЗ,10%,"195,0","195,0","195,0","234,0","258,0","258,0","250,0","250,0",
GLV-NIT-PRM-PUR-50-L,Фиолетовые L,Primo,ЧЗ,10%,"195,0","195,0","195,0","234,0","258,0","258,0","250,0","250,0",
GLV-NIT-PRM-PUR-50-M,Фиолетовые M,Primo,ЧЗ,10%,"195,0","195,0","195,0","234,0","258,0","258,0","250,0","250,0",
GLV-NIT-PRM-PUR-50-S,Фиолетовые S,Primo,ЧЗ,10%,"195,0","195,0","195,0","234,0","258,0","258,0","250,0","250,0",
GLV-NIT-PRM-PUR-50-XS,Фиолетовые XS,Primo,ЧЗ,10%,"195,0","195,0","195,0","234,0","258,0","258,0","250,0","250,0",
GLV-NIT-PRM-BLK-50-XL,Черные XL,Primo,ЧЗ,22%,"210,0","210,0","210,0","271,0","302,5","302,5","290,0","270,0",
GLV-NIT-PRM-BLK-50-L,Черные L,Primo,ЧЗ,22%,"210,0","210,0","210,0","271,0","302,5","302,5","290,0","270,0",
GLV-NIT-PRM-BLK-50-M,Черные M,Primo,ЧЗ,22%,"210,0","210,0","210,0","271,0","302,5","302,5","290,0","270,0",
GLV-NIT-PRM-BLK-50-S,Черные S,Primo,ЧЗ,22%,"210,0","210,0","210,0","271,0","302,5","302,5","290,0","270,0",
GLV-NIT-PRM-BLK-50-XS,Черные XS,Primo,ЧЗ,22%,"210,0","210,0","210,0","271,0","302,5","302,5","290,0","270,0",
GLV-NIT-PRM-PNK-50-L,Розовые L,Primo,ЧЗ,22%,"220,0","220,0","220,0","278,0","310,0","310,0","300,0","280,0",
GLV-NIT-PRM-PNK-50-M,Розовые М,Primo,ЧЗ,22%,"220,0","220,0","220,0","278,0","310,0","310,0","300,0","280,0",
GLV-NIT-PRM-PNK-50-S,Розовые S,Primo,ЧЗ,22%,"220,0","220,0","220,0","278,0","310,0","310,0","300,0","280,0",
GLV-NIT-PRM-PNK-50-XS,Розовые XS,Primo,ЧЗ,22%,"220,0","220,0","220,0","278,0","310,0","310,0","300,0","280,0",
GLV-VIN-PRM-CLR-50-XL,Винил XL,Primo,без ЧЗ,22%,,,"110,0","125,0","140,0","140,0","140,0","140,0",
GLV-VIN-PRM-CLR-50-L,Винил L,Primo,без ЧЗ,22%,,,"110,0","125,0","140,0","140,0","140,0","140,0",
GLV-VIN-PRM-CLR-50-M,Винил М,Primo,без ЧЗ,22%,,,"110,0","125,0","140,0","140,0","140,0","140,0",
GLV-VIN-PRM-CLR-50-S,Винил S,Primo,без ЧЗ,22%,,,"110,0","125,0","140,0","140,0","140,0","140,0",
,,,,,,,,,,,,,
CAP-CHAR-WHT-100,"Шапочка Шарлотта Белая, 100 шт (3000)",ЭЛС,,10%,"74,0","74,0","74,0","74,0","74,0",,,,
CAP-CHAR-BLU-100,"Шапочка Шарлотта Голубая, 100 шт (3000)",ЭЛС,,10%,"74,0","74,0","74,0","74,0","74,0",,,,
CAP-CHAR-BLK-100,"Шапочка Шарлотта Черная, 100 шт (3000)",ЭЛС,,10%,"87,0","87,0","87,0","87,0","87,0","87,0","87,0","87,0",
CAP-CHAR-PUR-100,"Шапочка Шарлотта Фиолетовая, 100 шт (3000)",ЭЛС,,10%,"80,0","80,0","80,0","80,0","80,0","80,0","80,0","80,0",
CAP-CHAR-PNK-100,"Шапочка Шарлотта Розовая, 100 шт (3000)",ЭЛС,,10%,"80,0","80,0","80,0","80,0","80,0","80,0","80,0","80,0",
CAP-CHAR-WHT-500,"Шапочка Шарлотта Белая, 500 шт (4000)",ЭЛС,,10%,"385,0","385,0","385,0","385,0","385,0","385,0","385,0","385,0",
SHT-DISP-70X200-STD-BLK,Простынь 70*200 в рулоне белая,ЭЛС,,10%,"339,0","339,0","339,0","339,0","339,0","339,0","339,0","339,0",
SHT-DISP-70X200-STD-WHT,Простынь 70*200 в рулоне черн,ЭЛС,,10%,"359,0","359,0","359,0","359,0","359,0","339,0","339,0","339,0",
WL-STD-35X70,Салфетка 35х70 в сложении 50 шт (Полотенце),ЭЛС,,10%,"155,0","155,0","155,0","155,0","159,0","159,0","159,0","159,0",
WL-STD-45X90,Салфетка 45х90 в сложении 50 шт (Полотенце),ЭЛС,,10%,"252,0","252,0","252,0","252,0","252,0","255,5","255,5","255,5",
WL-35X70-ROLL,Салфетка 35х70 в рулоне 100 шт (Полотенце),ЭЛС,,10%,"310,0","310,0","310,0","310,0","310,0","310,0","319,0","319,0",
WL-45X90-ROLL,Салфетка 45х90 в рулоне 100 шт (Полотенце),ЭЛС,,10%,"504,0","504,0","504,0","504,0","504,0","489,0","489,0","489,0",
,"Салфетка в сложении 35х70, 50 шт 40г плотные",ЭЛС,,10%,,,,,,"194,5","194,5","194,5",
MSK-DISP-3PLY-BLU,Маска голубая ,ЭЛС,,10%,"50,0","50,0","50,0","50,0","50,0","50,0","50,0","50,0",
MSK-DISP-4PLY-PUR,Маска фиолетовая,ЭЛС,,22%,"120,0","120,0","120,0","120,0","120,0","120,0","120,0","120,0",
MSK-DISP-4PLY-PNK,Маска розовая ,ЭЛС,,22%,"120,0","120,0","120,0","120,0","120,0","120,0","120,0","120,0",
MSK-DISP-4PLY-BLK,Маска черная ,ЭЛС,,22%,"125,0","125,0","125,0","125,0","125,0","125,0","125,0","125,0",
SHOECOV-STD-PUR-WHT-500PR,Бахилы бело-фиолетовые евроблок,ЭЛС,,10%,"725,0","725,0","675,0","700,0","685,0","685,0","705,0","705,0",
SHOECOV-STD-BLU-WHT-500PR,Бахилы бело-синии евроблок,ЭЛС,,10%,"724,0","724,0","675,0","700,0","685,0","685,0","705,0","705,0",
SHOECOV-STD-BLK-950PR,Бахилы черные евроблок,ЭЛС,,10%,"912,0","912,0","912,0","940,5","703,0","865,0","893,0","893,0",
SHOECOV-STD-WHT-GRN-500PR,Бахилы бело-зеленые евроблок,ЭЛС,,10%,"725,0","725,0","675,0","700,0","700,0","700,0","705,0","705,0",
SHOECOV-STD-WHT-ORG-500PR,Бахилы бело-оранжевые евроблок,ЭЛС,,10%,"725,0","725,0","675,0","700,0","700,0","700,0","705,0","705,0",
SHOECOV-DBL-BLU-450PR,Бахилы синие двойные евроблок,ЭЛС,,10%,"716,0","716,0","693,0","720,0","720,0","720,0","720,0","720,0",
SHOECOV-DBL-WHT-BLU-450PR-S65,Бахилы Super 65 бел-син евроблок,ЭЛС,,10%,"752,0","752,0","738,0","765,0","765,0","765,0","765,0","765,0",
SHOECOV-DP-2EL-WHT-PUR-50PR,Бахилы бело-фиолетовые с двой подошвой 50 пар,ЭЛС,,10%,"76,0","76,0","70,0","72,5","70,0","70,0","72,5","72,5",
SHOECOV-DP-2EL-WHT-GRN-50PR,Бахилы бело-зеленые с двой подошвой 50 пар,ЭЛС,,10%,"76,0","76,0","70,0","72,5","70,0","70,0","72,5","72,5",
GLV-ELM-BLK-L,Перчатки эластомер черные 50 пар L,ЭЛС,ЧЗ,22%,"71,5","71,5","71,5","71,5","71,5","77,5","77,5","77,5",
GLV-ELM-BLK-M,Перчатки эластомер черные 50 пар M,ЭЛС,ЧЗ,22%,"71,5","71,5","71,5","71,5","71,5","77,5","77,5","77,5",
GLV-ELM-BLK-S,Перчатки эластомер черные 50 пар S,ЭЛС,ЧЗ,22%,"71,5","71,5","71,5","71,5","71,5","77,5","77,5","77,5",
GLV-ELM-PNK-50-L,Перчатки эластомер прозрачные 50 пар L,ЭЛС,ЧЗ,22%,"69,0","69,0","69,0","69,0","72,0","77,5","77,5","77,5",
GLV-ELM-PNK-50-M,Перчатки эластомер прозрачные 50 пар M,ЭЛС,ЧЗ,22%,"69,0","69,0","69,0","69,0","72,0","77,5","77,5","77,5",
GLV-ELM-PNK-50-S,Перчатки эластомер прозрачные 50 пар S,ЭЛС,ЧЗ,22%,"69,0","69,0","69,0","69,0","72,0","77,5","77,5","77,5",
GLV-ELM-BLU-L,Перчатки эластомер голубые 50 L,ЭЛС,ЧЗ,22%,"71,5","71,5","71,5","71,5","71,5","75,0","77,5","77,5",
GLV-ELM-BLU-M,Перчатки эластомер голубые 50 M,ЭЛС,без ЧЗ,22%,"71,5","71,5","71,5","71,5","71,5","75,0","77,5","77,5",
GLV-ELM-PNK-100-L,Перчатки эластомер прозрачные 100 пар L,ЭЛС,ЧЗ,22%,"129,0","129,0","129,0","129,0","138,0","138,0","138,0","138,0",
GLV-ELM-PNK-100-M,Перчатки эластомер прозрачные 100 пар M,ЭЛС,ЧЗ,22%,"129,0","129,0","129,0","129,0","138,0","138,0","138,0","138,0",
GLV-ELM-PNK-100-S,Перчатки эластомер прозрачные 100 пар S,ЭЛС,ЧЗ,22%,"129,0","129,0","129,0","129,0","138,0","138,0","138,0","138,0",
,,,,,,,,,,,,,
CAP-CHAR-BLK-1000,Шапочки черные 1000 штук (новый),Юнайт,,22%,"920,0","920,0","920,0","920,0","760,0","760,0","760,0","760,0",
CAP-CHAR-WHT-1000,Шапочки белые 1000 штук (новый),Юнайт,,10%,"790,0","790,0","790,0","790,0","720,0","720,0","720,0","720,0",
CAP-CHAR-BLU-1000,Шапочка 1000 Голубая,Юнайт,,10%,,,,"720,0","720,0","720,0","720,0","720,0",
CAP-CHAR-WHT-500,Шапочка 500 Белая,Юнайт,,10%,,,,"360,0","360,0","360,0","360,0","360,0",
CAP-CHAR-BLK-500,Шапочка 500 Черная,Юнайт,,22%,,,,"380,0","380,0","380,0","380,0","380,0",
CAP-CHAR-BLU-500,Шапочка 500 Голубая,Юнайт,,10%,,,,"360,0","360,0","360,0","360,0","360,0",
CAP-CHAR-WHT-100,Шапочка 100 Белая маленький литраж,Юнайт,,10%,,,,,"77,0","77,0","77,0","77,0",
CAP-CHAR-BLU-100,Шапочка 100 Голубая маленький литраж,Юнайт,,10%,,,,,"77,0","77,0","77,0","77,0",
CAP-CHAR-WHT-50,Шапочки Белые 50,Юнайт,,10%,"41,5","41,5","41,5","41,5","41,5","41,5","41,5","41,5",
CAP-CHAR-BLU-50,Шапочки Голубые 50,Юнайт,,10%,"41,5","41,5","41,5","41,5","41,5","41,5","41,5","41,5",
CAP-CHAR-BLK-50,Шапочки Черные 50,Юнайт,,22%,"48,0","48,0","48,0","48,0","48,0","48,0","48,0","48,0",
CAP-CHAR-PUR-50,Шапочки Фиолетовые 50,Юнайт,,22%,"48,0","48,0","48,0","48,0","48,0","48,0","48,0","48,0",
CAP-CHAR-PNK-50,Шапочки Розовые 50,Юнайт,,22%,"48,0","48,0","48,0","48,0","48,0","48,0","48,0","48,0",
CAP-DIS-PNK-50,Шапочка для душа одноразовая 50 шт,Юнайт,,22%,,,,,,"42,5","42,5","42,5",
CAP-DIS-PNK-100,Шапочка для душа одноразовая 100 шт,Юнайт,,22%,,,,,,"83,0","83,0","83,0",
SHOECOV-ECO-STD-WHT-50PR,Бахилы одноразовые эконом 50 пар,Юнайт,,10%,"38,0","38,0","38,0","38,0","38,0","40,0","40,0","40,0",
SHOECOV-OP-2EL-WHT-25PR,Бахилы с двойной подошвой 25 пар,Юнайт,,10%,"49,0","49,0","49,0","49,0","49,0","49,0","49,0","49,0",
SHOECOV-DP-2EL-WHT-50PR,Бахилы с двойной подошвой 50 пар,Юнайт,,10%,"98,0","98,0","98,0","98,0","98,0","103,0","103,0","103,0",
SHOECOV-STD-PUR-WHT-50PR,Бахилы 50 пар фиолет,Юнайт,,22%,"45,5","45,5","45,5","45,5","45,5","45,5","48,0","48,0",
SHOECOV-STD-BLK-WHT-50PR,Бахилы 50 пар черные ,Юнайт,,22%,"45,5","45,5","45,5","45,5","45,5","45,5","48,0","48,0",
,,,,,,,,,,,,,
LAMP-CLP-BLK-3W,Фонарик черный ,Китай,,22%,"159,0","159,0","159,0","158,0","158,0","158,0","158,0","158,0",
LAMP-CLP-SLV-3W,Фонарик серебрянный,Китай,,22%,"159,0","159,0","159,0","158,0","158,0","158,0","158,0","158,0",
LAMP-CLP-WHT-3W,Фонарик белый,Китай,,22%,"159,0","159,0","159,0","158,0","158,0","158,0","158,0","158,0",
LAMP-CLP-WHT-STD,Фонарик гибкий белый на подставке,Китай,,22%,"260,0","260,0","260,0","260,0","260,0","260,0","260,0","260,0",
LAMP-STD-WHT,Фонарик для маникюра ручной,Китай,,22%,"163,0","163,0","163,0","163,0","163,0","163,0","163,0","163,0",
LAMP-7LED-WHT,фонарик 7 диодов,Китай,,22%,"185,0","185,0","185,0","184,0","184,0","184,0","184,0","184,0",
WIPE-ORG-60,Сaлфетки,Китай,,22%,"103,0","103,0","103,0","103,0","103,0","103,0","103,0","103,0",
WIPE-ORG-120,Салфетки 120,Китай,,22%,"206,0","206,0","206,0","206,0","206,0","206,0","206,0","206,0",
WIPE-ORG-180,Салфетки 180,Китай,,22%,"309,0","309,0","309,0","309,0","309,0","309,0","309,0","309,0",
WIPE-ORG-240,Салфетки 240,Китай,,22%,"412,0","412,0","412,0","412,0","412,0","412,0","412,0","412,0",
WIPE-ORG-300,Салфетки 300,Китай,,22%,"515,0","515,0","515,0","515,0","515,0","515,0","515,0","515,0",
WIPE-ORG-32,Салфетки 20х15 32шт оранжевые,Китай,,22%,"38,0","38,0","38,0","38,0","38,0","38,0","38,0","38,0",
WIPE-BLU-170,Салфетки 20х20 170шт голубые,Китай,,22%,"314,0","314,0","314,0","314,0","314,0","314,0","314,0","314,0",
MASK-LIFT-WHT,Лифтинг-маска белая,Китай,,22%,"144,0","144,0","144,0","144,0","144,0","144,0","144,0","144,0",
MASK-LIFT-PNK,Лифтинг-маска розовая,Китай,,22%,"106,0","106,0","153,0","153,0","153,0","153,0","153,0","153,0",
WIPE-PNK-100,Салфетки 20х20 (100 шт) Beauty Art,Китай,,22%,"189,0","189,0","189,0","189,0","189,0","189,0","189,0","189,0",
WIPE-PNK-200,Салфетки 20х20 (200 шт) Beauty Art,Китай,,22%,"378,0","378,0","378,0","378,0","378,0","378,0","378,0","378,0",
,,,,,,,,,,,,,21.05
GLV-NIT-BNV-BLU-100-XL,Голубые 100 XL,Бинови,ЧЗ,10%,"452,0","452,0","455,0","522,0","525,0","525,0","525,0","525,0",495
GLV-NIT-BNV-BLU-100-L,Голубые 100 L,Бинови,ЧЗ,10%,"452,0","452,0","455,0","522,0","525,0","525,0","525,0","525,0",
GLV-NIT-BNV-BLU-100-M,Голубые 100 M,Бинови,ЧЗ,10%,"452,0","452,0","455,0","522,0","525,0","525,0","525,0","525,0",
GLV-NIT-BNV-BLU-100-S,Голубые 100 S,Бинови,ЧЗ,10%,"452,0","452,0","455,0","522,0","525,0","525,0","525,0","525,0",
GLV-NIT-BNV-BLU-100-XS,Голубые 100 XS,Бинови,ЧЗ,10%,"452,0","452,0","455,0","522,0","525,0","525,0","525,0","525,0",
GLV-NIT-BNV-BLK-50-XL,Черные XL,Бинови,ЧЗ,10%,"252,5","252,5","252,5","315,0","325,0","325,0","325,0","325,0",300
GLV-NIT-BNV-BLK-50-L,Черные L,Бинови,ЧЗ,10%,"252,5","252,5","252,5","315,0","325,0","325,0","325,0","325,0",
GLV-NIT-BNV-BLK-50-M,Черные M,Бинови,ЧЗ,10%,"252,5","252,5","252,5","315,0","325,0","325,0","325,0","325,0",
GLV-NIT-BNV-BLK-50-S,Черные S,Бинови,ЧЗ,10%,"252,5","252,5","252,5","315,0","325,0","325,0","325,0","325,0",
GLV-NIT-BNV-BLK-50-XS,Черные XS,Бинови,ЧЗ,10%,"252,5","252,5","252,5","315,0","325,0","325,0","325,0","325,0",
GLV-NIT-BNV-BLU-50-XL,Голубые 50 XL,Бинови,ЧЗ,10%,"232,5","232,5","232,5","267,0","270,0","270,0","270,0","270,0",250
GLV-NIT-BNV-BLU-50-L,Голубые 50 L,Бинови,ЧЗ,10%,"232,5","232,5","232,5","267,0","270,0","270,0","270,0","270,0",
GLV-NIT-BNV-BLU-50-M,Голубые 50 M,Бинови,ЧЗ,10%,"232,5","232,5","232,5","267,0","270,0","270,0","270,0","270,0",
GLV-NIT-BNV-BLU-50-S,Голубые 50 S,Бинови,ЧЗ,10%,"232,5","232,5","232,5","267,0","270,0","270,0","270,0","270,0",
GLV-NIT-BNV-BLU-50-XS,Голубые 50 XS,Бинови,ЧЗ,10%,"232,5","232,5","232,5","267,0","270,0","270,0","270,0","270,0",
GLV-NIT-BNV-BLU-500-L,Голубые 50 короб,Бинови ,ЧЗ,10%,,,,,,"2700,0","2700,0","2700,0",
,,,,,,,,,,,,,
RATTAN-WHT-100M,ротанг белый 100,Rotal,,22%,"247,0","247,0","247,0","247,0","247,0","247,0","247,0","247,0",
,ротанг белый 300,Rotal,,22%,,,,,,"741,0","741,0","741,0",
RATTAN-CHOC-100M,ротанг шоколад 100,Rotal,,22%,"247,0","247,0","247,0","247,0","247,0","247,0","247,0","247,0",
RATTAN-GRY-100M,ротанг серый 100,Rotal,,22%,"247,0","247,0","247,0","247,0","247,0","247,0","247,0","247,0",
RATTAN-BLK-100M,ротанг черный 100,Rotal,,22%,"247,0","247,0","247,0","247,0","247,0","247,0","247,0","247,0",
RATTAN-CHOC-200M,ротанг шоколад 200,Rotal,,22%,"494,0","494,0","494,0","494,0","494,0","494,0","494,0","494,0",
RATTAN-CHOC-300M,ротанг шоколад 300,Rotal,,22%,"741,0","741,0","741,0","741,0","741,0","741,0","741,0","741,0",
RATTAN-CHOC-500M,ротанг шоколад 500,Rotal,,22%,"1235,0","1235,0","1235,0","1235,0","1235,0","1235,0","1235,0","1235,0",
,,,,,,,,,,,,,08.04
GLV-NIT-NITRIMAX-BLK-50-XL,Перчатки нитриловые черные Nitrimax XL,НИТРИМАКС (Латекс),ЧЗ,10%,"275,0","275,0","275,0","275,0","275,0","275,0","275,0","275,0",
GLV-NIT-NITRIMAX-BLK-50-L,Перчатки нитриловые черные Nitrimax L,НИТРИМАКС (Латекс),ЧЗ,10%,"275,0","275,0","275,0","275,0","275,0","275,0","275,0","275,0",
GLV-NIT-NITRIMAX-BLK-50-M,Перчатки нитриловые черные Nitrimax M,НИТРИМАКС (Латекс),ЧЗ,10%,"275,0","275,0","275,0","275,0","275,0","275,0","275,0","275,0",
GLV-NIT-NITRIMAX-BLK-50-S,Перчатки нитриловые черные Nitrimax S,НИТРИМАКС (Латекс),ЧЗ,10%,"275,0","275,0","275,0","297,0","297,0","297,0","297,0","297,0",
GLV-NIT-NITRIMAX-BLK-50-XS,Перчатки нитриловые черные Nitrimax XS,НИТРИМАКС (Латекс),ЧЗ,10%,"275,0","275,0","275,0","280,0","280,0","280,0","280,0","280,0",
GLV-NIT-NITRIMAX-BLK-50-XL-NC,Перчатки нитриловые черные Nitrimax XL,НИТРИМАКС (Латекс),без ЧЗ,22%,"215,0","215,0","215,0","229,0","296,0","296,0","292,5","292,5",248
GLV-NIT-NITRIMAX-BLK-50-L-NC,Перчатки нитриловые черные Nitrimax L,НИТРИМАКС (Латекс),без ЧЗ,22%,"215,0","215,0","215,0","215,0","296,0","296,0","292,5","292,5",
GLV-NIT-NITRIMAX-BLK-50-M-NC,Перчатки нитриловые черные Nitrimax M,НИТРИМАКС (Латекс),без ЧЗ,22%,"215,0","215,0","215,0","215,0","296,0","296,0","292,5","292,5",
GLV-NIT-NITRIMAX-BLK-50-S-NC,Перчатки нитриловые черные Nitrimax S,НИТРИМАКС (Латекс),без ЧЗ,22%,"215,0","215,0","215,0","215,0","296,0","296,0","292,5","292,5",244
GLV-NIT-NITRIMAX-BLK-50-XS-NC,Перчатки нитриловые черные Nitrimax XS,НИТРИМАКС (Латекс),без ЧЗ,22%,"215,0","215,0","215,0","215,0","296,0","296,0","292,5","292,5",244
GLV-NIT-NITRIMAX-PNK-50-L-NC,Перчатки нитриловые розовый Nitrimax L,НИТРИМАКС (Латекс),без ЧЗ,22%,"271,0","271,0","271,0","268,0","290,0","290,0","290,0","290,0","276,94"
GLV-NIT-NITRIMAX-PNK-50-M-NC,Перчатки нитриловые розовый Nitrimax M,НИТРИМАКС (Латекс),без ЧЗ,22%,"271,0","271,0","271,0","268,0","290,0","290,0","290,0","290,0","276,94"
GLV-NIT-NITRIMAX-PNK-50-S-NC,Перчатки нитриловые розовый Nitrimax S,НИТРИМАКС (Латекс),без ЧЗ,22%,"271,0","271,0","271,0","268,0","290,0","290,0","290,0","290,0","276,94"
GLV-NIT-NITRIMAX-PNK-50-XS-NC,Перчатки нитриловые розовый Nitrimax XS,НИТРИМАКС (Латекс),без ЧЗ,22%,"271,0","271,0","271,0","268,0","290,0","290,0","290,0","290,0","276,94"
,,,,,,,,,,,,,
GLV-NIT-ADM-BLU-50-XL,Перчатки нитриловые голубые XL,ADM,без ЧЗ,22%,"230,0","235,0","235,0","235,0","235,0","235,0",,,
GLV-NIT-ADM-BLU-50-L,Перчатки нитриловые голубые L,ADM,без ЧЗ,22%,"230,0","235,0","235,0","235,0","235,0","235,0",,,
GLV-NIT-ADM-BLU-50-M,Перчатки нитриловые голубые M,ADM,без ЧЗ,22%,"230,0","235,0","235,0","235,0","235,0","235,0",,,
GLV-NIT-ADM-BLU-50-S,Перчатки нитриловые голубые S,ADM,без ЧЗ,22%,"230,0","235,0","235,0","235,0","235,0","235,0",,,
GLV-LAT-ADM-YLW-1-L,Перчатки хозяйственные желтые L 1пара,ADM,без ЧЗ,22%,"19,5","19,9","19,9","19,9","20,9","20,9","20,9","20,9",
GLV-LAT-ADM-YLW-1-M,Перчатки хозяйственные желтые M 1пара,ADM,без ЧЗ,22%,"19,5","19,9","19,9","19,9","20,9","20,9","20,9","20,9",
,Перчатки хозяйсвтенные желтые L упаковка 25 пар,ADM,без ЧЗ,22%,,,,,,,,,
,Перчатки хозяйсвтенные желтые М упаковка 25 пар,ADM,без ЧЗ,22%,,,,,,,,,
GLV-LAT-ADM-YLW-L-12P,Перчатки хозяйсвтенные желтые L упаковка 12 пар,ADM,без ЧЗ,22%,,,,"238,8","250,8","250,8","250,8","250,8",
GLV-LAT-ADM-YLW-M-12P,Перчатки хозяйсвтенные желтые M упаковка 12 пар,ADM,без ЧЗ,22%,,,,"238,8","250,8","250,8","250,8","250,8",
GLV-LAT-ADM-YLW-3-L,Перчатки хозяйсвтенные желтые L упаковка 3 пары,ADM,без ЧЗ,22%,,,,"59,7","62,7","62,7","62,7","62,7",
GLV-LAT-ADM-YLW-3-M,Перчатки хозяйсвтенные желтые M упаковка 3 пары,ADM,без ЧЗ,22%,,,,"59,7","62,7","62,7","62,7","62,7",
GLV-ELM-ELM-GRY-50-L,Перчатки эластомер плотные 50 L,ADM,без ЧЗ,22%,"94,0","96,0","96,0","96,0","104,0","104,0","104,0","104,0",
GLV-ELM-ELM-GRY-50-M,Перчатки эластомер плотные 50 M,ADM,без ЧЗ,22%,"94,0","96,0","96,0","96,0","104,0","104,0","104,0","104,0",
BAG-BLK-30L-20,Мешки для мусора 30л черные (комп из 5 упак),ADM,,22%,"77,5","79,1","79,1","79,1","87,0","87,0","87,0","94,5",
BAG-PUR-60L-20,Мешки для мусора 60л фиолетовые (комп из 3 упак),ADM,,22%,"201,0","206,0","206,0","206,0","225,5","225,5","225,5","225,0",
BAG-BLK-120L-30,Мешки для мусора 120л черные,ADM,,22%,"190,0","194,0","194,0","194,0","209,0","209,0","209,0","209,0",
BAG-BLK-240L-50,Мешки для мусора 240л,ADM,,22%,"695,0","709,0","709,0","709,0","779,5","779,5","779,5","779,5",
FW-SF-06x3,"Пленка солнцезащитная для окон 0,6*3м",ADM,,22%,,,,,"31,0","31,0","31,0","31,0",
FW-SF-08x3,"Пленка солнцезащитная для окон 0,8*3м",ADM,,22%,,,,,"41,3","41,3","41,3","41,3",
FW-SF-10x3,Пленка солнцезащитная для окон 1*3м,ADM,,22%,,,,,"51,6","51,6","51,6","51,6",
CT-25x200-W,"Хомуты для стяжки белые 2,5*200 мм",ADM,,22%,,,,,"32,4","32,4","32,4","32,4",
CT-36x150-W,"Хомуты для стяжки белые 3,6*150 мм",ADM,,22%,,,,,"36,7","36,7","36,7","36,7",
CT-36x200-W,"Хомуты для стяжки белые 3,6*200 мм",ADM,,22%,,,,,"50,6","50,6","50,6","50,6",
CT-36x250-W,"Хомуты для стяжки белые 3,6*250 мм",ADM,,22%,,,,,"68,2","68,2","68,2","68,2",
CT-36x300-W,"Хомуты для стяжки белые 3,6*300 мм",ADM,,22%,,,,,"86,1","86,1","86,1","86,1",
CT-48x200-W,"Хомуты для стяжки белые 4,8*200 мм",ADM,,22%,,,,,"75,6","75,6","75,6","75,6",
CT-25x200-B,"Хомуты для стяжки чёрные 2,5*200 мм",ADM,,22%,,,,,"32,4","32,4","32,4","32,4",
CT-36x150-B,"Хомуты для стяжки чёрные 3,6*150 мм",ADM,,22%,,,,,"36,7","36,7","36,7","36,7",
CT-36x200-B,"Хомуты для стяжки чёрные 3,6*200 мм",ADM,,22%,,,,,"50,6","50,6","50,6","50,6",
CT-36x250-B,"Хомуты для стяжки чёрные 3,6*250 мм",ADM,,22%,,,,,"68,2","68,2","68,2","68,2",
CT-36x300-B,"Хомуты для стяжки чёрные 3,6*300 мм",ADM,,22%,,,,,"86,1","86,1","86,1","86,1",
CT-48x200-B,"Хомуты для стяжки чёрные 4,8*200 мм",ADM,,22%,,,,,"75,6","75,6","75,6","75,6",
SEAL-I-WHT-10M,Уплотнитель резиновый I-профиль белый 10м,ADM,,22%,"105,0",,,,,,"91,2","91,2",
SE-D-BR-10,Уплотнитель резиновый D-профиль коричневый 10м,ADM,,22%,,,,,"110,0","110,0","110,0","110,0",
SE-E-WH-10,Уплотнитель резиновый E-профиль белый 10м,ADM,,22%,,,,,"95,2","95,2","95,2","95,2",
RNC-PNC-EVA-GRN-120MC,Дождевик ПОНЧО EVA зеленый с чехлом 120мк,ADM,,22%,,,"180,3","180,3","189,4","189,4","180,0","180,0",
RNC-COAT-DBL-BLK,Сверхпрочный дождевик-плащ двухслойный черный,ADM,,22%,,,"353,6","353,6","353,6","353,6","343,0","343,0",
RNC-COAT-BTN-BLU,Дождевик-плащ на кнопках голубой,ADM,,22%,,,"53,8","53,8","53,8","53,8","53,0","53,0",
RNC-COAT-YEL,Сверхпрочный дождевик-плащ ПВХ двухслойный желтый на кнопках с карманами,ADM,,22%,,,"336,7","336,7","336,7","336,7","329,0","329,0",
RNC-COAT-YEL-EVA,Дождевик-плащ EVA желтый на кнопках,ADM,,22%,,,"162,7","162,7","162,7","162,7","162,0","162,0",
RNC-COAT-BLK-EVA,Дождевик-плащ EVA черный на кнопках,ADM,,22%,,,,,,,"162,0","162,0",
INS-CRK-BLT-BOR-8,Борные шарики от тараканов и муравьев ,ADM НАДЗОР,,22%,,,"61,3","61,3","61,3","61,3","61,3","61,3",
,Борные шарики от тараканов и муравьев (комп 16 шт),ADM НАДЗОР,,22%,,,,,,,"122,6","122,6",
,Борные шарики от тараканов и муравьев (комп 24 шт),ADM НАДЗОР,,22%,,,,,,,"183,8","183,8",
,Борные шарики от тараканов и муравьев (комп 32 шт),ADM НАДЗОР,,22%,,,,,,,"245,1","245,1",
,Гель от тараканов в щприце 1 шт,ADM НАДЗОР,,22%,,,"36,1","36,1","33,9","33,9","33,9","33,9",
,Гель от тараканов в щприце (комплект 2 шт),ADM НАДЗОР,,22%,,,,,,,"67,8","67,8",
MS-SPR-100,Спрей от комаров и мошек 100мл,ADM НАДЗОР,,22%,,,,,"67,5","67,5","67,5","67,5",
MS-COIL-GR-10,Спирали от комаров зеленые 10 шт,ADM НАДЗОР,,22%,,,,,"56,1","56,1","56,1","56,1",
ML-PL-LAV-6,Пластины от моли с запахом лаванды 6 шт,ADM НАДЗОР,,22%,,,,,"43,3","43,3","43,3","43,3",
ML-SEC-LAV-2,Секция от моли с запахом лаванды 2 шт,ADM НАДЗОР,,22%,,,,,"73,5","73,5","73,5","73,5",
,Спирали от комаров черные без запаха 10 шт,ADM НАДЗОР,,22%,,,,,,"46,6","46,6","46,6",
,Спирали от комаров черные без запаха (комп 20 шт),ADM НАДЗОР,,22%,,,,,,,"93,2","93,2",
,Спирали от комаров черные без запаха (комп 30 шт),ADM НАДЗОР,,22%,,,,,,,"139,8","139,8",
,Пластины от мух для фумигатора 10 шт,ADM НАДЗОР,,22%,,,,,,"27,2","25,7","25,7",
,Пластины от мух для фумигатора (комп 20 шт),ADM НАДЗОР,,22%,,,,,,,"51,4","51,4",
,Пластины от мух для фумигатора (комп 30 шт),ADM НАДЗОР,,22%,,,,,,,"77,1","77,1",
,Пластины от мух для фумигатора (комп 50 шт),ADM НАДЗОР,,22%,,,,,,,"128,6","128,6",
BAG-BLK-30L-30,Мешки для мусора 30л 30 шт черные (1 рулон),ПОЛИРОЛЛ,,22%,,,,,,,"29,4","29,4",
BAG-BLK-30L-60,Мешки для мусора 30л 30 шт черные (2 рулона),ПОЛИРОЛЛ,,22%,,,,,,,"58,7","58,7",
BAG-BLK-30L-90,Мешки для мусора 30л 30 шт черные (3 рулона),ПОЛИРОЛЛ,,22%,,,,,,,"88,1","88,1",
BAG-BLK-35L-30,Мешки для мусора 35л 30 шт черные (1 рулон),ПОЛИРОЛЛ,,22%,,,,,,,"24,6","24,6",
BAG-BLK-35L-60,Мешки для мусора 35л 30 шт черные (2 рулона),ПОЛИРОЛЛ,,22%,,,,,,,"49,3","49,3",
BAG-BLK-35L-90,Мешки для мусора 35л 30 шт черные (3 рулона),ПОЛИРОЛЛ,,22%,,,,,,,"73,9","73,9",
BAG-PUR-60L-30,Мешки для мусора 60л 30 шт фиолетовый (1 рулон),ПОЛИРОЛЛ,,22%,,,,,,,"24,9","24,9",
BAG-PUR-60L-60,Мешки для мусора 60л 30 шт фиолетовый (2 рулона),ПОЛИРОЛЛ,,22%,,,,,,,"49,8","49,8",
BAG-PUR-60L-90,Мешки для мусора 60л 30 шт фиолетовый (3 рулона),ПОЛИРОЛЛ,,22%,,,,,,,"74,8","74,8",